elapsed_s,actual.shoulder_pan.pos,actual.shoulder_lift.pos,actual.elbow_flex.pos,actual.wrist_flex.pos,actual.wrist_roll.pos,actual.gripper.pos,target.shoulder_pan.pos,target.shoulder_lift.pos,target.elbow_flex.pos,target.wrist_flex.pos,target.wrist_roll.pos,target.gripper.pos
7.8354,-1.054945054945055,-104.52747252747253,96.92307692307692,68.61538461538461,3.912087912087912,1.06171201061712,,,,,,
9.1667,-1.054945054945055,-104.52747252747253,96.92307692307692,68.61538461538461,3.912087912087912,1.06171201061712,-0.2763547897338867,-102.52747252747253,94.92307692307692,68.32806396484375,4.187619686126709,1.7964391708374023
9.2710,-0.967032967032967,-104.17582417582418,96.74725274725274,68.7032967032967,3.912087912087912,1.1944260119442602,-0.4550132751464844,-102.26373626373626,94.74725274725274,68.63678741455078,4.151905536651611,2.024984359741211
9.3693,-0.967032967032967,-103.73626373626374,96.74725274725274,68.7032967032967,3.912087912087912,1.3271400132714002,0.4463186264038087,-102.03612518310547,94.74725274725274,68.54800415039062,4.30162239074707,2.0491857528686523
9.4671,-0.17582417582417584,-103.64835164835165,96.74725274725274,68.7032967032967,3.912087912087912,1.3271400132714002,1.7362637362637363,-101.56043956043956,94.74725274725274,68.44477081298828,3.850182294845581,1.4678363800048828
9.5672,0.8791208791208791,-103.20879120879121,96.74725274725274,68.7032967032967,3.912087912087912,1.3271400132714002,2.3999643325805664,-101.20879120879121,94.74725274725274,68.05445861816406,2.660982370376587,0.6184768676757812
9.6675,1.8461538461538463,-102.5934065934066,96.74725274725274,68.7032967032967,3.2967032967032965,1.3271400132714002,3.8461538461538463,-100.5934065934066,94.74725274725274,69.84712219238281,1.486586570739746,0.7361278533935547
9.7752,3.1648351648351647,-102.06593406593407,96.74725274725274,69.93406593406593,2.241758241758242,1.3271400132714002,5.164835164835164,-100.15384615384616,94.74725274725274,71.93406593406593,1.663914680480957,0.6052608489990234
9.8749,4.483516483516484,-101.8021978021978,96.74725274725274,71.6043956043956,2.1538461538461537,1.3271400132714002,6.395604395604396,-99.8021978021978,94.74725274725274,73.51648351648352,4.153846153846153,2.696199417114258
9.9748,5.714285714285714,-101.62637362637362,96.74725274725274,71.95604395604396,3.032967032967033,1.9907100199071004,7.714285714285714,-99.62637362637362,94.74725274725274,72.6659164428711,5.032967032967033,6.92435301924353
10.0750,7.032967032967033,-101.62637362637362,96.74725274725274,71.95604395604396,4.263736263736264,5.04313205043132,9.032967032967033,-99.62637362637362,94.74725274725274,73.0542221069336,6.263736263736264,9.976775049767749
10.1730,8.351648351648352,-101.62637362637362,96.74725274725274,71.95604395604396,5.4945054945054945,8.427339084273392,9.912087912087912,-99.62637362637362,94.74725274725274,72.66344451904297,7.142857142857143,12.232913072329131
11.4893,9.31868131868132,-101.62637362637362,96.74725274725274,71.95604395604396,6.461538461538462,11.678832116788321,9.003669738769531,-99.81629180908203,94.74725274725274,71.68421936035156,5.7285637855529785,6.678832116788321
11.5598,9.31868131868132,-101.62637362637362,96.74725274725274,71.78021978021978,6.373626373626373,11.479761114797611,8.909639358520508,-100.58102416992188,94.74725274725274,72.031005859375,5.6981425285339355,6.54611811546118
11.6600,9.142857142857142,-101.62637362637362,96.74725274725274,71.6923076923077,6.1098901098901095,7.89648307896483,8.852255821228027,-101.005126953125,94.74725274725274,71.6302719116211,6.023754596710205,3.509554862976074
11.7605,9.142857142857142,-101.89010989010988,96.74725274725274,71.6923076923077,6.021978021978022,5.109489051094891,10.052852630615234,-103.89010989010988,94.74725274725274,71.32217407226562,5.3424601554870605,3.374453544616699
11.8608,9.142857142857142,-102.41758241758242,96.74725274725274,71.86813186813187,5.846153846153846,4.37956204379562,7.988173484802246,-100.41758241758242,94.74725274725274,69.86813186813187,4.961525917053223,4.642642974853516
11.9610,8.615384615384615,-101.8021978021978,96.74725274725274,70.81318681318682,5.582417582417582,4.445919044459191,8.333404541015625,-99.8021978021978,94.74725274725274,69.08719635009766,4.561515808105469,5.833600997924805
12.0609,8.615384615384615,-101.53846153846153,96.74725274725274,70.28571428571429,4.967032967032967,4.777704047777041,10.615384615384615,-99.53846153846153,94.74725274725274,70.19507598876953,3.3449690341949463,3.8928823471069336
12.1613,9.934065934065934,-101.27472527472527,96.74725274725274,70.37362637362638,4.263736263736264,4.71134704711347,11.934065934065934,-99.27472527472527,94.74725274725274,71.5680923461914,5.6483025550842285,5.525129318237305
12.2617,11.164835164835164,-100.74725274725274,96.74725274725274,70.98901098901099,5.230769230769231,5.04313205043132,13.164835164835164,-98.74725274725274,94.74725274725274,70.81503295898438,7.142857142857143,8.102348327636719
12.3619,12.395604395604396,-100.48351648351648,96.74725274725274,70.98901098901099,6.285714285714286,6.967485069674851,14.395604395604396,-98.48351648351648,94.74725274725274,71.10104370117188,8.285714285714285,10.501363754272461
12.4600,13.626373626373626,-100.48351648351648,96.74725274725274,70.81318681318682,7.516483516483516,9.555408095554082,15.186813186813186,-98.48351648351648,94.74725274725274,70.65515899658203,9.076923076923077,13.427339084273392
13.7783,14.417582417582418,-100.48351648351648,96.74725274725274,70.72527472527473,8.659340659340659,12.93961512939615,13.164765357971191,-100.46099090576172,94.74725274725274,70.6214370727539,7.337592124938965,7.9396151293961506
13.8528,14.241758241758241,-100.65934065934066,96.74725274725274,70.72527472527473,8.571428571428571,12.607830126078301,12.960431098937988,-101.03870391845703,94.74725274725274,70.89643096923828,7.370980262756348,7.67418712674187
13.9531,13.45054945054945,-100.74725274725274,96.74725274725274,70.81318681318682,7.956043956043956,8.95819508958195,12.983524322509766,-100.97218322753906,94.74725274725274,70.60997772216797,7.732998847961426,4.024552090245521
14.0534,13.362637362637363,-101.01098901098901,96.74725274725274,70.9010989010989,7.78021978021978,5.706702057067021,14.074361801147461,-103.01098901098901,94.74725274725274,70.5211181640625,7.085860729217529,3.333436965942383
14.1536,13.362637362637363,-101.89010989010988,96.74725274725274,70.98901098901099,7.428571428571429,4.57863304578633,11.86287784576416,-103.77933502197266,94.74725274725274,68.98901098901099,6.324320316314697,4.812694549560547
14.2542,12.307692307692308,-102.06593406593407,96.74725274725274,70.1978021978022,6.9010989010989015,4.644990046449901,10.307692307692308,-100.06593406593407,94.74725274725274,68.1978021978022,6.141359329223633,7.755970001220703
14.3539,10.989010989010989,-101.45054945054945,96.74725274725274,69.23076923076923,6.285714285714286,6.03848706038487,10.919898986816406,-99.45054945054945,94.74725274725274,68.47111511230469,4.365593910217285,6.719259262084961
14.4541,10.989010989010989,-100.92307692307692,96.74725274725274,69.14285714285714,5.054945054945055,6.1712010617120105,12.901098901098901,-98.92307692307692,94.74725274725274,69.67598724365234,3.914689540863037,7.048273086547852
14.5545,12.219780219780219,-100.3956043956044,96.74725274725274,69.67032967032966,4.7032967032967035,6.436629064366291,14.219780219780219,-98.3956043956044,94.74725274725274,70.09123229980469,6.7032967032967035,7.870345115661621
14.6558,13.45054945054945,-99.86813186813187,96.74725274725274,70.37362637362638,6.1098901098901095,7.100199071001991,15.362637362637363,-97.86813186813187,94.74725274725274,71.1666488647461,8.10989010989011,8.782657623291016
14.7531,14.593406593406593,-99.78021978021978,96.74725274725274,70.46153846153847,7.164835164835165,8.75912408759124,16.24175824175824,-97.78021978021978,94.74725274725274,70.46009826660156,8.725274725274726,12.697412076974121
16.0854,15.472527472527473,-99.78021978021978,96.74725274725274,70.37362637362638,8.219780219780219,12.143331121433311,14.254966735839844,-100.69902801513672,94.74725274725274,69.96759033203125,6.728532314300537,7.143331121433311
16.1560,15.296703296703297,-99.95604395604396,96.74725274725274,70.37362637362638,8.131868131868131,11.944260119442601,13.89229965209961,-101.23506164550781,94.74725274725274,70.2404556274414,6.7231621742248535,7.01061712010617
16.2564,14.417582417582418,-100.48351648351648,96.74725274725274,70.37362637362638,7.252747252747253,8.360982083609821,13.896089553833008,-100.9688949584961,94.74725274725274,69.87427520751953,7.026619911193848,3.4647560119628906
16.3568,14.32967032967033,-100.74725274725274,96.74725274725274,70.37362637362638,6.989010989010989,5.308560053085601,14.750385284423828,-102.65934065934066,94.74725274725274,69.79632568359375,6.223761558532715,3.2894210815429688
16.4570,14.153846153846153,-101.45054945054945,96.74725274725274,70.37362637362638,6.637362637362638,4.445919044459191,12.153846153846153,-103.15999603271484,94.74725274725274,68.39640808105469,5.456662178039551,4.956143379211426
16.5571,12.747252747252746,-101.53846153846153,96.74725274725274,69.4065934065934,6.021978021978022,4.71134704711347,10.747252747252746,-99.53846153846153,94.74725274725274,67.49450549450549,5.245413780212402,8.077033042907715
16.6572,11.340659340659341,-100.92307692307692,96.74725274725274,68.52747252747253,5.406593406593407,6.370272063702721,11.183318138122559,-98.92307692307692,94.74725274725274,67.95194244384766,3.7223398685455322,6.883420944213867
16.7578,11.340659340659341,-100.3956043956044,96.74725274725274,68.52747252747253,4.43956043956044,6.569343065693431,13.340659340659341,-98.3956043956044,94.74725274725274,69.17849731445312,3.730431318283081,7.473071098327637
16.8579,12.571428571428571,-100.04395604395604,96.74725274725274,69.14285714285714,4.351648351648351,6.967485069674851,14.571428571428571,-98.04395604395604,94.74725274725274,69.99486541748047,6.263736263736264,8.280571937561035
16.9582,13.802197802197803,-99.51648351648352,96.74725274725274,70.10989010989012,5.670329670329671,7.631055076310552,15.802197802197803,-97.51648351648352,94.74725274725274,71.0493392944336,7.670329670329671,9.514091491699219
17.0563,15.032967032967033,-99.25274725274726,96.74725274725274,70.1978021978022,6.725274725274725,9.356337093563372,16.59340659340659,-97.34065934065934,94.74725274725274,70.35494995117188,8.373626373626372,13.22826808228268
18.3550,15.824175824175825,-99.25274725274726,96.74725274725274,70.10989010989012,7.956043956043956,12.67418712674187,14.748391151428223,-101.15251922607422,94.74725274725274,69.65645599365234,6.489584922790527,7.67418712674187
18.4258,15.648351648351648,-99.42857142857143,96.74725274725274,70.10989010989012,7.868131868131868,12.47511612475116,14.3936767578125,-101.42857142857143,94.74725274725274,69.95691680908203,6.477475643157959,7.541473125414731
18.5259,14.857142857142858,-100.13186813186813,96.74725274725274,70.1978021978022,7.076923076923077,8.891838088918382,14.399418830871582,-101.57685852050781,94.74725274725274,69.6963882446289,6.835567474365234,3.9581950895819507
18.6263,14.857142857142858,-100.57142857142857,96.74725274725274,70.10989010989012,6.989010989010989,5.57398805573988,15.404182434082031,-102.57142857142857,94.74725274725274,69.61687469482422,6.246379375457764,3.1487293243408203
18.7267,14.857142857142858,-101.36263736263736,96.74725274725274,70.10989010989012,6.637362637362638,4.445919044459191,12.857142857142858,-103.36263736263736,94.74725274725274,68.2047119140625,5.553955078125,4.726348876953125
18.8274,13.45054945054945,-101.89010989010988,96.74725274725274,69.23076923076923,6.285714285714286,4.512276045122761,11.45054945054945,-99.89010989010988,94.74725274725274,67.31868131868131,5.383199214935303,8.741430282592773
18.9271,12.131868131868131,-101.18681318681318,96.74725274725274,68.26373626373626,5.670329670329671,6.768414067684141,11.17994213104248,-99.27472527472527,94.74725274725274,67.29167175292969,3.848064661026001,8.04773235321045
19.0272,11.780219780219781,-100.83516483516483,96.74725274725274,68.0,4.527472527472527,7.365627073656271,13.780219780219781,-98.83516483516483,94.74725274725274,68.75672912597656,3.828514337539673,8.350055694580078
19.1279,13.010989010989011,-100.3956043956044,96.74725274725274,68.7032967032967,4.43956043956044,7.76376907763769,15.010989010989011,-98.3956043956044,94.74725274725274,69.650390625,6.43956043956044,8.885464668273926
19.2358,14.32967032967033,-99.95604395604396,96.74725274725274,69.93406593406593,5.846153846153846,8.360982083609821,16.24175824175824,-97.95604395604396,94.74725274725274,71.02261352539062,7.846153846153846,9.346673011779785
19.3328,15.472527472527473,-99.6043956043956,96.74725274725274,70.37362637362638,6.9010989010989015,9.555408095554082,17.12087912087912,-97.6923076923077,94.74725274725274,70.32022857666016,8.637362637362639,13.626410086264102
20.6294,16.35164835164835,-99.6043956043956,96.74725274725274,70.28571428571429,8.219780219780219,13.072329130723293,15.085976600646973,-101.24717712402344,94.74725274725274,69.53120422363281,6.567569732666016,8.072329130723293
20.7014,16.175824175824175,-99.78021978021978,96.74725274725274,70.1978021978022,8.131868131868131,12.873258128732582,14.69467830657959,-101.77118682861328,94.74725274725274,69.78050231933594,6.66756534576416,7.9396151293961506
20.8092,15.208791208791208,-100.3956043956044,96.74725274725274,70.10989010989012,7.252747252747253,9.223623092236231,14.707396507263184,-101.40451049804688,94.74725274725274,69.48468780517578,7.122169494628906,4.2899800928998015
20.9101,15.12087912087912,-100.65934065934066,96.74725274725274,70.10989010989012,7.164835164835165,5.77305905773059,15.40732479095459,-102.65934065934066,94.74725274725274,69.36978912353516,6.527974605560303,3.314329147338867
21.0094,14.857142857142858,-101.45054945054945,96.74725274725274,70.10989010989012,7.076923076923077,4.644990046449901,12.945054945054945,-102.06781768798828,94.74725274725274,68.10989010989012,6.013505458831787,5.029928207397461
21.1097,13.45054945054945,-101.36263736263736,96.74725274725274,69.23076923076923,6.637362637362638,4.844061048440611,11.45054945054945,-99.36263736263736,94.74725274725274,67.23076923076923,5.950939178466797,8.635528564453125
21.2097,12.131868131868131,-100.65934065934066,96.74725274725274,68.26373626373626,6.1098901098901095,6.702057067020571,12.155293464660645,-98.65934065934066,94.74725274725274,67.52291107177734,4.339140892028809,7.127499580383301
21.3181,12.219780219780219,-100.21978021978022,96.74725274725274,68.17582417582418,5.142857142857143,6.83477106834771,14.131868131868131,-98.21978021978022,94.74725274725274,68.73389434814453,5.044847011566162,8.181803703308105
21.4199,13.45054945054945,-99.6923076923077,96.74725274725274,68.7032967032967,5.4945054945054945,7.498341074983411,15.362637362637363,-97.6923076923077,94.74725274725274,68.86689758300781,7.406593406593407,10.211524963378906
21.5192,14.68131868131868,-99.16483516483517,96.74725274725274,69.05494505494505,6.813186813186813,9.090909090909092,16.59340659340659,-97.16483516483517,94.74725274725274,69.56063842773438,8.813186813186814,12.599784851074219
21.6176,15.912087912087912,-98.63736263736264,96.74725274725274,69.23076923076923,8.131868131868131,11.479761114797611,17.472527472527474,-96.81318681318682,94.74725274725274,69.19082641601562,9.692307692307693,15.28533510285335
22.9382,16.791208791208792,-98.28571428571429,96.74725274725274,69.23076923076923,9.274725274725276,14.664897146648972,15.889825820922852,-99.06652069091797,94.74725274725274,68.63897705078125,7.891060829162598,9.664897146648972
23.0091,16.52747252747253,-98.54945054945055,96.74725274725274,69.14285714285714,8.835164835164836,14.465826144658262,15.456594467163086,-100.0597152709961,94.74725274725274,69.01409912109375,8.01276683807373,9.465826144658262
23.1093,15.824175824175825,-99.07692307692308,96.74725274725274,69.05494505494505,8.395604395604396,10.74983410749834,15.504534721374512,-99.84192657470703,94.74725274725274,68.56519317626953,8.43824291229248,5.816191108161911
23.2096,15.736263736263735,-99.34065934065934,96.74725274725274,69.05494505494505,8.307692307692308,7.166556071665561,15.95203685760498,-101.34065934065934,94.74725274725274,68.5345458984375,7.663484573364258,4.181096076965332
23.3202,15.296703296703297,-100.13186813186813,96.74725274725274,69.05494505494505,8.043956043956044,5.77305905773059,13.472527472527473,-99.05816650390625,94.74725274725274,67.26747131347656,7.2919416427612305,7.041681289672852
23.4124,13.978021978021978,-100.04395604395604,96.74725274725274,68.26373626373626,8.043956043956044,6.569343065693431,12.065934065934066,-98.04395604395604,94.74725274725274,66.39688110351562,7.208239555358887,10.72694206237793
23.5126,12.835164835164836,-99.34065934065934,96.74725274725274,67.47252747252747,7.516483516483516,8.75912408759124,13.411883354187012,-97.34065934065934,94.74725274725274,67.06792449951172,5.899186134338379,9.366600036621094
23.6132,13.098901098901099,-98.81318681318682,96.74725274725274,67.47252747252747,6.549450549450549,9.15726609157266,15.098901098901099,-96.81318681318682,94.74725274725274,68.3066635131836,6.144766330718994,10.54091739654541
23.7159,14.32967032967033,-98.28571428571429,96.74725274725274,68.17582417582418,6.725274725274725,9.887193098871931,16.32967032967033,-96.28571428571429,94.74725274725274,68.67929077148438,8.637362637362639,11.360758781433105
23.8139,15.56043956043956,-97.75824175824175,96.74725274725274,68.7032967032967,8.131868131868131,10.617120106171201,17.560439560439562,-95.75824175824175,94.74725274725274,69.39415740966797,10.043956043956044,12.789073944091797
23.9124,16.791208791208792,-97.31868131868131,96.74725274725274,68.96703296703296,9.274725274725276,12.27604512276045,18.35164835164835,-95.4065934065934,94.74725274725274,68.97591400146484,10.76702880859375,16.21433311214333
25.2215,17.582417582417584,-97.23076923076923,96.74725274725274,68.87912087912088,10.32967032967033,15.660252156602523,16.213794708251953,-98.40408325195312,94.74725274725274,68.1868667602539,9.162712097167969,10.660252156602523
25.2940,17.406593406593405,-97.4065934065934,96.74725274725274,68.79120879120879,10.32967032967033,15.394824153948242,15.843355178833008,-99.38607788085938,94.74725274725274,68.61032104492188,9.239213943481445,10.461181154611811
25.3941,16.35164835164835,-98.02197802197803,96.74725274725274,68.7032967032967,9.714285714285714,11.678832116788321,15.874259948730469,-99.00794982910156,94.74725274725274,68.14900207519531,9.60536003112793,6.81154611811546
25.4965,16.263736263736263,-98.28571428571429,96.74725274725274,68.7032967032967,9.626373626373626,8.02919708029197,16.522871017456055,-100.28571428571429,94.74725274725274,68.22235107421875,8.895066261291504,4.0517988204956055
25.5954,16.087912087912088,-98.9010989010989,96.74725274725274,68.7032967032967,9.186813186813186,5.90577305905773,14.355567932128906,-100.9010989010989,94.74725274725274,67.04510498046875,7.985167980194092,6.007604598999023
25.6959,14.857142857142858,-99.16483516483517,96.74725274725274,67.91208791208791,8.659340659340659,5.972130059721301,12.857142857142858,-97.16483516483517,94.74725274725274,66.099853515625,7.571512222290039,9.386991500854492
25.7964,13.45054945054945,-98.46153846153847,96.74725274725274,67.12087912087912,7.868131868131868,7.697412076974121,13.26498794555664,-96.46153846153847,94.74725274725274,66.61597442626953,5.868131868131868,8.416197776794434
25.8965,13.274725274725276,-97.93406593406593,96.74725274725274,67.12087912087912,6.637362637362638,7.89648307896483,15.274725274725276,-95.93406593406593,94.74725274725274,68.15092468261719,5.414994716644287,9.251518249511719
25.9966,14.417582417582418,-97.4065934065934,96.74725274725274,68.08791208791209,6.197802197802198,8.626410086264102,16.417582417582416,-95.4065934065934,94.74725274725274,69.16206359863281,8.197802197802197,10.037065505981445
26.0969,15.736263736263735,-96.87912087912088,96.74725274725274,68.79120879120879,7.34065934065934,9.289980092899802,17.736263736263737,-94.87912087912088,94.74725274725274,70.6406021118164,9.252747252747252,10.732539176940918
26.1951,16.967032967032967,-96.87912087912088,96.74725274725274,69.14285714285714,8.219780219780219,10.683477106834772,18.52747252747253,-94.87912087912088,94.74725274725274,69.91792297363281,9.868131868131869,14.82083609820836
27.5026,17.846153846153847,-96.87912087912088,96.74725274725274,69.14285714285714,9.362637362637363,14.26675514266755,16.39096450805664,-98.87912087912088,94.74725274725274,68.47893524169922,7.889202117919922,9.26675514266755
27.5740,17.582417582417584,-97.23076923076923,96.74725274725274,68.96703296703296,9.098901098901099,14.001327140013272,15.987030982971191,-99.23076923076923,94.74725274725274,68.89869689941406,8.022723197937012,9.067684140676842
27.6751,16.52747252747253,-97.93406593406593,96.74725274725274,69.14285714285714,8.659340659340659,10.28533510285335,15.786775588989258,-99.93406593406593,94.74725274725274,68.58491516113281,8.327613830566406,5.351692103516921
27.7763,16.263736263736263,-98.63736263736264,96.74725274725274,69.14285714285714,8.395604395604396,6.702057067020571,16.48766326904297,-100.54945054945055,94.74725274725274,68.7147445678711,7.7982330322265625,3.4887876510620117
27.8763,16.0,-99.34065934065934,96.74725274725274,69.14285714285714,8.219780219780219,4.97677504976775,14.29382610321045,-101.25274725274726,94.74725274725274,67.78221893310547,6.9963178634643555,4.741307258605957
27.9767,14.68131868131868,-99.95604395604396,96.74725274725274,68.43956043956044,7.6923076923076925,4.844061048440611,12.68131868131868,-97.95604395604396,94.74725274725274,66.69874572753906,6.716903209686279,9.209758758544922
28.0768,13.274725274725276,-99.34065934065934,96.74725274725274,67.73626373626374,6.989010989010989,7.232913072329131,11.825602531433105,-97.42857142857143,94.74725274725274,67.17733764648438,4.999467849731445,9.017173767089844
28.1789,12.747252747252746,-98.98901098901099,96.74725274725274,67.64835164835165,5.758241758241758,8.22826808228268,14.747252747252746,-96.98901098901099,94.74725274725274,68.45233154296875,4.818821907043457,9.511829376220703
28.2798,13.89010989010989,-98.54945054945055,96.74725274725274,68.43956043956044,5.4945054945054945,8.891838088918382,15.802197802197803,-96.54945054945055,94.74725274725274,69.09673309326172,7.4945054945054945,10.639640808105469
28.3798,15.12087912087912,-98.10989010989012,96.74725274725274,69.31868131868131,6.725274725274725,9.754479097544792,17.12087912087912,-96.10989010989012,94.74725274725274,70.4499282836914,8.725274725274726,11.297959327697754
28.4791,16.35164835164835,-97.84615384615384,96.74725274725274,69.4065934065934,7.78021978021978,11.34704711347047,17.912087912087912,-95.84615384615384,94.74725274725274,70.02307891845703,9.428571428571429,15.28533510285335
29.7912,17.23076923076923,-97.84615384615384,96.74725274725274,69.4065934065934,8.923076923076923,14.664897146648972,15.969915390014648,-99.47974395751953,94.74725274725274,68.55062103271484,7.534601211547852,9.664897146648972
29.8621,17.054945054945055,-98.10989010989012,96.74725274725274,69.4065934065934,8.747252747252746,14.465826144658262,15.562882423400879,-100.02197802197803,94.74725274725274,68.87469482421875,7.584049224853516,9.53218314532183
29.9626,16.087912087912088,-98.63736263736264,96.74725274725274,69.23076923076923,8.131868131868131,10.74983410749834,15.643001556396484,-100.15096282958984,94.74725274725274,68.4552230834961,7.989089012145996,5.816191108161911
30.0647,16.0,-98.98901098901099,96.74725274725274,69.05494505494505,7.956043956043956,7.100199071001991,16.18319320678711,-100.9010989010989,94.74725274725274,68.42744445800781,7.200124263763428,3.7391490936279297
30.1641,15.648351648351648,-99.6923076923077,96.74725274725274,69.05494505494505,7.6923076923076925,5.37491705374917,13.736263736263735,-100.81382751464844,94.74725274725274,67.17057800292969,6.402867794036865,5.472954750061035
30.2655,14.241758241758241,-99.6923076923077,96.74725274725274,68.17582417582418,6.989010989010989,5.44127405441274,12.241758241758241,-97.6923076923077,94.74725274725274,66.2769775390625,6.050276279449463,8.849248886108398
30.3654,12.923076923076923,-98.98901098901099,96.74725274725274,67.47252747252747,6.285714285714286,7.100199071001991,12.559940338134766,-97.07692307692308,94.74725274725274,67.3072738647461,4.431314945220947,7.799375534057617
30.4686,12.835164835164836,-98.63736263736264,96.74725274725274,67.56043956043956,5.230769230769231,7.498341074983411,14.835164835164836,-96.63736263736264,94.74725274725274,68.98271942138672,4.988130569458008,8.997186660766602
30.5671,14.065934065934066,-98.28571428571429,96.74725274725274,68.79120879120879,5.4945054945054945,8.29462508294625,16.065934065934066,-96.28571428571429,94.74725274725274,69.68434143066406,7.4945054945054945,10.138750076293945
30.6679,15.296703296703297,-97.84615384615384,96.74725274725274,69.31868131868131,6.9010989010989015,9.223623092236231,17.2967032967033,-95.84615384615384,94.74725274725274,70.69989776611328,8.901098901098901,11.316604614257812
30.7760,16.615384615384617,-97.75824175824175,96.74725274725274,69.58241758241758,7.868131868131868,11.214333112143331,18.263736263736263,-95.75824175824175,94.74725274725274,70.19047546386719,9.516483516483516,15.08626410086264
32.1111,17.582417582417584,-97.67032967032966,96.74725274725274,69.58241758241758,9.010989010989011,14.53218314532183,16.22014808654785,-99.36498260498047,94.74725274725274,68.63723754882812,7.67292594909668,9.53218314532183
32.1819,17.406593406593405,-97.93406593406593,96.74725274725274,69.4065934065934,8.923076923076923,14.333112143331123,15.8845853805542,-99.63308715820312,94.74725274725274,69.00763702392578,7.671658039093018,9.399469143994692
32.2822,16.35164835164835,-98.46153846153847,96.74725274725274,69.4065934065934,8.307692307692308,10.683477106834772,15.7860689163208,-99.50420379638672,94.74725274725274,68.66033935546875,7.97589111328125,5.683477106834772
32.3824,16.263736263736263,-98.81318681318682,96.74725274725274,69.31868131868131,8.131868131868131,7.033842070338421,16.543725967407227,-100.81318681318682,94.74725274725274,68.70379638671875,7.391786098480225,3.7680349349975586
32.4825,16.087912087912088,-99.51648351648352,96.74725274725274,69.31868131868131,7.6923076923076925,5.308560053085601,14.410335540771484,-101.51648351648352,94.74725274725274,67.85071563720703,6.617350101470947,5.0908203125
32.5830,14.857142857142858,-99.78021978021978,96.74725274725274,68.52747252747253,7.252747252747253,5.308560053085601,12.857142857142858,-97.78021978021978,94.74725274725274,66.94741821289062,6.190854549407959,8.318320274353027
32.6830,13.45054945054945,-99.07692307692308,96.74725274725274,67.91208791208791,6.461538461538462,6.768414067684141,13.082563400268555,-97.07692307692308,94.74725274725274,67.54431915283203,4.477044582366943,7.408540725708008
32.7877,13.274725274725276,-98.63736263736264,96.74725274725274,67.82417582417582,5.230769230769231,6.967485069674851,15.274725274725276,-96.63736263736264,94.74725274725274,68.7092514038086,4.310029029846191,7.93942928314209
32.8857,14.593406593406593,-98.10989010989012,96.74725274725274,68.61538461538461,4.967032967032967,7.43198407431984,16.505494505494504,-96.10989010989012,94.74725274725274,69.10798645019531,6.967032967032967,8.864395141601562
32.9863,15.824175824175825,-97.58241758241758,96.74725274725274,69.23076923076923,6.197802197802198,7.962840079628402,17.824175824175825,-95.58241758241758,94.74725274725274,70.06834411621094,8.197802197802197,9.255599021911621
33.0849,16.967032967032967,-97.31868131868131,96.74725274725274,69.14285714285714,7.252747252747253,9.289980092899802,18.615384615384617,-95.31868131868131,94.74725274725274,69.45901489257812,8.901098901098901,13.360982083609821
34.4101,17.934065934065934,-97.31868131868131,96.74725274725274,69.14285714285714,8.395604395604396,12.806901128069011,16.132099151611328,-99.31868131868131,94.74725274725274,68.26358032226562,7.271537780761719,7.806901128069011
34.4813,17.67032967032967,-97.58241758241758,96.74725274725274,69.14285714285714,8.307692307692308,12.541473125414731,15.758241758241759,-99.49450549450549,94.74725274725274,68.6751708984375,7.346658706665039,7.6078301260783014
34.5818,16.35164835164835,-98.1978021978022,96.74725274725274,69.05494505494505,7.868131868131868,8.95819508958195,15.45042896270752,-100.1978021978022,94.74725274725274,68.52053833007812,7.676868915557861,4.024552090245521
34.6828,16.087912087912088,-98.81318681318682,96.74725274725274,69.05494505494505,7.78021978021978,5.640345056403451,16.14188003540039,-100.81318681318682,94.74725274725274,68.59676361083984,7.296096324920654,3.2535409927368164
34.7837,15.912087912087912,-99.6043956043956,96.74725274725274,69.05494505494505,7.78021978021978,4.313205043132051,14.823922157287598,-101.6043956043956,94.74725274725274,68.04830169677734,6.805539131164551,3.3846235275268555
34.8825,15.032967032967033,-100.21978021978022,96.74725274725274,68.7032967032967,7.34065934065934,4.180491041804911,13.032967032967033,-98.21978021978022,94.74725274725274,67.36602783203125,6.437697887420654,5.822443008422852
34.9826,13.626373626373626,-99.6923076923077,96.74725274725274,68.17582417582418,6.725274725274725,4.71134704711347,11.63988971710205,-97.78021978021978,94.74725274725274,67.71121215820312,4.966593265533447,5.64341926574707
35.0859,12.747252747252746,-99.16483516483517,96.74725274725274,68.17582417582418,5.4945054945054945,4.91041804910418,14.747252747252746,-97.16483516483517,94.74725274725274,68.93234252929688,4.472504615783691,5.58427619934082
35.1843,13.89010989010989,-98.72527472527473,96.74725274725274,68.79120879120879,5.230769230769231,5.109489051094891,15.89010989010989,-96.72527472527473,94.74725274725274,69.12187957763672,7.230769230769231,6.573091506958008
35.2892,15.12087912087912,-98.1978021978022,96.74725274725274,69.4065934065934,6.637362637362638,5.839416058394161,17.12087912087912,-96.28571428571429,94.74725274725274,70.14276885986328,8.637362637362639,7.621894836425781
35.3858,16.35164835164835,-98.02197802197803,96.74725274725274,69.4065934065934,7.6923076923076925,7.365627073656271,17.912087912087912,-96.02197802197803,94.74725274725274,69.42828369140625,9.34065934065934,11.50298606502986
36.7117,17.23076923076923,-97.84615384615384,96.74725274725274,69.31868131868131,8.835164835164836,10.948905109489052,15.339029312133789,-99.84615384615384,94.74725274725274,68.97249603271484,7.403533935546875,5.948905109489052
36.7833,16.967032967032967,-98.10989010989012,96.74725274725274,69.31868131868131,8.659340659340659,10.683477106834772,15.054945054945055,-100.10989010989012,94.74725274725274,69.2574462890625,7.498549461364746,5.749834107498341
36.8832,15.648351648351648,-98.81318681318682,96.74725274725274,69.49450549450549,7.956043956043956,7.100199071001991,14.79982852935791,-100.72527472527473,94.74725274725274,68.93852996826172,7.776268005371094,3.006556510925293
36.9834,15.384615384615385,-99.42857142857143,96.74725274725274,69.4065934065934,7.868131868131868,4.512276045122761,15.627189636230469,-101.42857142857143,94.74725274725274,68.94140625,7.186948776245117,2.684281349182129
37.0834,15.208791208791208,-100.21978021978022,96.74725274725274,69.4065934065934,7.78021978021978,3.5832780358327807,13.992033004760742,-102.21978021978022,94.74725274725274,68.0430908203125,6.395233631134033,2.862187385559082
37.1837,14.241758241758241,-100.83516483516483,96.74725274725274,68.79120879120879,6.989010989010989,3.5169210351692106,12.241758241758241,-98.83516483516483,94.74725274725274,67.1715316772461,5.939180374145508,4.813549995422363
37.2843,12.835164835164836,-100.3076923076923,96.74725274725274,68.0,6.197802197802198,3.9150630391506307,11.623424530029297,-98.3076923076923,94.74725274725274,67.17858123779297,4.197802197802198,4.521024703979492
37.3843,12.395604395604396,-99.6923076923077,96.74725274725274,67.82417582417582,4.8791208791208796,3.981420039814201,14.395604395604396,-97.78021978021978,94.74725274725274,68.28771209716797,3.796034812927246,4.9725341796875
37.4846,13.538461538461538,-99.34065934065934,96.74725274725274,68.35164835164835,4.615384615384615,4.24684804246848,15.538461538461538,-97.34065934065934,94.74725274725274,68.83049774169922,6.615384615384615,5.940702438354492
37.5848,14.76923076923077,-98.9010989010989,96.74725274725274,69.05494505494505,6.021978021978022,5.175846051758461,16.76923076923077,-96.98901098901099,94.74725274725274,69.79612731933594,8.021978021978022,7.172453880310059
37.6829,16.0,-98.46153846153847,96.74725274725274,69.4065934065934,7.34065934065934,6.967485069674851,17.64835164835165,-96.63736263736264,94.74725274725274,69.11024475097656,8.901098901098901,10.972130059721302
38.9934,16.87912087912088,-98.28571428571429,96.74725274725274,69.4065934065934,8.395604395604396,10.351692103516921,15.110848426818848,-100.28571428571429,94.74725274725274,68.68830871582031,6.9805402755737305,5.351692103516921
39.0641,16.703296703296704,-98.46153846153847,96.74725274725274,69.4065934065934,7.956043956043956,10.152621101526211,14.703296703296704,-100.46153846153847,94.74725274725274,69.00767517089844,7.089042663574219,5.218978102189782
39.1645,15.384615384615385,-99.25274725274726,96.74725274725274,69.4065934065934,7.516483516483516,6.569343065693431,14.642772674560547,-101.25274725274726,94.74725274725274,68.7076644897461,7.445047378540039,3.032451629638672
39.2649,15.296703296703297,-99.95604395604396,96.74725274725274,69.4065934065934,7.34065934065934,4.313205043132051,15.52353286743164,-101.95604395604396,94.74725274725274,68.7217788696289,6.881292819976807,2.75917911529541
39.3648,14.945054945054945,-100.74725274725274,96.74725274725274,69.4065934065934,7.252747252747253,3.64963503649635,12.945054945054945,-102.65934065934066,94.74725274725274,67.6597671508789,6.014742851257324,3.486509323120117
39.4654,13.45054945054945,-101.01098901098901,96.74725274725274,68.52747252747253,6.813186813186813,3.71599203715992,11.538461538461538,-99.01098901098901,94.74725274725274,66.661376953125,5.8032708168029785,5.992605209350586
39.5677,12.131868131868131,-100.3076923076923,96.74725274725274,67.73626373626374,6.021978021978022,4.512276045122761,12.052642822265625,-98.3076923076923,94.74725274725274,67.25813293457031,4.1945881843566895,4.984787940979004
39.6668,12.043956043956044,-99.86813186813187,96.74725274725274,67.64835164835165,4.967032967032967,4.644990046449901,14.043956043956044,-97.86813186813187,94.74725274725274,68.5225601196289,4.7371625900268555,6.197049140930176
39.7798,13.45054945054945,-99.6923076923077,96.74725274725274,68.52747252747253,5.230769230769231,5.57398805573988,15.362637362637363,-97.6923076923077,94.74725274725274,68.5580062866211,7.142857142857143,9.098464012145996
39.8799,14.68131868131868,-99.16483516483517,96.74725274725274,68.52747252747253,6.549450549450549,7.76376907763769,16.59340659340659,-97.16483516483517,94.74725274725274,69.33355712890625,8.54945054945055,12.568889617919922
39.9779,15.912087912087912,-98.63736263736264,96.74725274725274,68.87912087912088,7.868131868131868,10.948905109489052,17.472527472527474,-96.81318681318682,94.74725274725274,69.00899505615234,9.401029586791992,14.754479097544792
41.2986,16.791208791208792,-98.28571428571429,96.74725274725274,68.87912087912088,9.098901098901099,14.134041141340411,15.239909172058105,-100.02678680419922,94.74725274725274,68.31724548339844,7.655454158782959,9.134041141340411
41.3737,16.439560439560438,-98.54945054945055,96.74725274725274,68.87912087912088,8.571428571428571,13.66954213669542,14.834497451782227,-100.54945054945055,94.74725274725274,68.66542053222656,7.7187604904174805,8.735899137358992
41.4750,15.384615384615385,-99.16483516483517,96.74725274725274,68.87912087912088,8.131868131868131,10.019907100199072,14.826216697692871,-100.22382354736328,94.74725274725274,68.29534912109375,8.095590591430664,5.086264100862641
41.5773,15.296703296703297,-99.42857142857143,96.74725274725274,68.87912087912088,8.043956043956044,6.5029860650298605,15.69473934173584,-101.42857142857143,94.74725274725274,68.2490005493164,7.451319694519043,3.8039331436157227
41.6751,15.12087912087912,-100.13186813186813,96.74725274725274,68.87912087912088,7.956043956043956,5.242203052422031,13.664570808410645,-102.13186813186813,94.74725274725274,67.18446350097656,6.713130474090576,5.790128707885742
41.7758,14.065934065934066,-100.57142857142857,96.74725274725274,68.08791208791209,7.516483516483516,5.44127405441274,12.065934065934066,-98.57142857142857,94.74725274725274,66.22352600097656,6.610982894897461,9.727981567382812
41.8756,12.659340659340659,-99.95604395604396,96.74725274725274,67.20879120879121,6.9010989010989015,7.89648307896483,11.990851402282715,-97.95604395604396,94.74725274725274,66.39508056640625,5.173385143280029,9.305667877197266
41.9783,12.395604395604396,-99.51648351648352,96.74725274725274,67.12087912087912,5.670329670329671,8.626410086264102,14.395604395604396,-97.51648351648352,94.74725274725274,67.24976348876953,4.4976701736450195,9.765810012817383
42.0773,13.45054945054945,-98.98901098901099,96.74725274725274,67.38461538461539,5.318681318681318,9.15726609157266,15.45054945054945,-96.98901098901099,94.74725274725274,68.26176452636719,7.318681318681318,10.303116798400879
42.1775,14.68131868131868,-98.46153846153847,96.74725274725274,68.35164835164835,6.549450549450549,9.688122096881221,16.68131868131868,-96.46153846153847,94.74725274725274,69.67813110351562,8.54945054945055,10.942359924316406
42.2770,15.912087912087912,-97.93406593406593,96.74725274725274,69.14285714285714,7.956043956043956,10.88254810882548,17.560439560439562,-96.10989010989012,94.74725274725274,69.02877044677734,9.516483516483516,15.08626410086264
43.5974,16.87912087912088,-97.75824175824175,96.74725274725274,69.14285714285714,9.098901098901099,14.53218314532183,15.667478561401367,-99.75824175824175,94.74725274725274,68.37549591064453,7.75485897064209,9.53218314532183
43.6683,16.703296703296704,-97.93406593406593,96.74725274725274,69.05494505494505,8.659340659340659,14.26675514266755,15.30482292175293,-99.93406593406593,94.74725274725274,68.73907470703125,7.8472161293029785,9.333112143331123
43.7807,15.736263736263735,-98.63736263736264,96.74725274725274,69.05494505494505,8.219780219780219,10.351692103516921,15.389715194702148,-100.02008056640625,94.74725274725274,68.47775268554688,8.17015266418457,5.484406104844062
43.8781,15.736263736263735,-98.9010989010989,96.74725274725274,69.05494505494505,8.131868131868131,6.901128069011281,16.188854217529297,-100.9010989010989,94.74725274725274,68.53466796875,7.705348014831543,3.595663070678711
43.9783,15.56043956043956,-99.6043956043956,96.74725274725274,69.05494505494505,8.043956043956044,5.175846051758461,14.30611515045166,-101.6043956043956,94.74725274725274,67.78877258300781,6.865926265716553,4.75322151184082
44.0786,14.505494505494505,-100.21978021978022,96.74725274725274,68.61538461538461,7.428571428571429,5.04313205043132,12.505494505494505,-98.21978021978022,94.74725274725274,67.15185546875,6.419009208679199,8.32581615447998
44.1790,13.098901098901099,-99.6923076923077,96.74725274725274,68.17582417582418,6.637362637362638,6.702057067020571,12.007294654846191,-97.6923076923077,94.74725274725274,67.66326141357422,4.658935546875,7.778449058532715
44.2792,12.747252747252746,-99.16483516483517,96.74725274725274,68.17582417582418,5.406593406593407,7.232913072329131,14.747252747252746,-97.16483516483517,94.74725274725274,68.90151977539062,4.395374298095703,8.365696907043457
44.3793,13.802197802197803,-98.63736263736264,96.74725274725274,68.87912087912088,5.054945054945055,7.76376907763769,15.802197802197803,-96.63736263736264,94.74725274725274,69.60261535644531,7.054945054945055,9.038047790527344
44.4796,15.032967032967033,-98.10989010989012,96.74725274725274,69.49450549450549,6.461538461538462,8.22826808228268,17.032967032967033,-96.10989010989012,94.74725274725274,70.77796936035156,8.373626373626372,9.649147033691406
44.5776,16.263736263736263,-98.02197802197803,96.74725274725274,69.67032967032966,7.428571428571429,9.688122096881221,17.824175824175825,-96.02197802197803,94.74725274725274,70.09441375732422,8.989010989010989,13.626410086264102
45.9133,17.23076923076923,-97.84615384615384,96.74725274725274,69.58241758241758,8.395604395604396,13.072329130723293,15.354706764221191,-99.84615384615384,94.74725274725274,68.9224624633789,7.2920026779174805,8.072329130723293
45.9845,16.967032967032967,-98.10989010989012,96.74725274725274,69.49450549450549,8.307692307692308,12.806901128069011,15.054945054945055,-100.10989010989012,94.74725274725274,69.4056625366211,7.376717567443848,7.9396151293961506
46.0875,15.736263736263735,-98.9010989010989,96.74725274725274,69.67032967032966,7.868131868131868,9.15726609157266,14.682973861694336,-100.9010989010989,94.74725274725274,69.12483215332031,7.680589199066162,4.223623092236231
46.1859,15.296703296703297,-99.6043956043956,96.74725274725274,69.67032967032966,7.78021978021978,5.77305905773059,15.46019172668457,-101.6043956043956,94.74725274725274,69.17816162109375,7.211883544921875,3.221637725830078
46.2866,15.208791208791208,-100.3956043956044,96.74725274725274,69.67032967032966,7.78021978021978,4.445919044459191,13.918600082397461,-102.3956043956044,94.74725274725274,68.34355163574219,6.670894145965576,3.62054443359375
46.3883,14.241758241758241,-101.01098901098901,96.74725274725274,69.05494505494505,7.252747252747253,4.313205043132051,12.241758241758241,-99.01098901098901,94.74725274725274,67.39210510253906,6.374263286590576,6.3842315673828125
46.4924,12.835164835164836,-100.3956043956044,96.74725274725274,68.35164835164835,6.637362637362638,5.04313205043132,11.927478790283203,-98.3956043956044,94.74725274725274,67.77139282226562,4.743270397186279,5.856040000915527
46.5887,12.571428571428571,-99.86813186813187,96.74725274725274,68.35164835164835,5.406593406593407,5.242203052422031,14.571428571428571,-97.86813186813187,94.74725274725274,69.17225646972656,4.36939811706543,6.244048118591309
46.6890,13.802197802197803,-99.51648351648352,96.74725274725274,69.05494505494505,5.142857142857143,5.507631055076311,15.714285714285714,-97.51648351648352,94.74725274725274,69.74497985839844,7.142857142857143,7.320126533508301
46.7915,15.032967032967033,-98.98901098901099,96.74725274725274,69.84615384615384,6.637362637362638,6.5029860650298605,16.945054945054945,-96.98901098901099,94.74725274725274,70.9952163696289,8.461538461538462,8.359854698181152
46.8874,16.263736263736263,-98.72527472527473,96.74725274725274,69.93406593406593,7.516483516483516,8.161911081619111,17.824175824175825,-96.72527472527473,94.74725274725274,70.31208038330078,9.164835164835164,12.232913072329131
48.1992,17.23076923076923,-98.72527472527473,96.74725274725274,69.93406593406593,8.571428571428571,11.479761114797611,15.69774055480957,-100.72527472527473,94.74725274725274,69.25746154785156,7.186418056488037,6.479761114797611
48.2759,16.967032967032967,-98.98901098901099,96.74725274725274,69.93406593406593,8.483516483516484,11.14797611147976,15.296667098999023,-100.98901098901099,94.74725274725274,69.53186798095703,7.247277736663818,6.214333112143331
48.3768,15.824175824175825,-99.6923076923077,96.74725274725274,69.93406593406593,7.78021978021978,7.43198407431984,15.268795013427734,-101.6923076923077,94.74725274725274,69.1835708618164,7.636002540588379,3.3260116577148438
48.4804,15.736263736263735,-100.3956043956044,96.74725274725274,69.84615384615384,7.604395604395604,4.844061048440611,15.918774604797363,-102.3956043956044,94.74725274725274,69.21820068359375,6.87017297744751,3.085092544555664
48.5789,15.56043956043956,-101.18681318681318,96.74725274725274,69.84615384615384,7.34065934065934,4.11413404114134,13.648351648351648,-102.66399383544922,94.74725274725274,68.19602966308594,6.129753112792969,4.258306503295898
48.6796,14.153846153846153,-101.0989010989011,96.74725274725274,68.96703296703296,6.725274725274725,4.180491041804911,12.241758241758241,-99.0989010989011,94.74725274725274,67.24120330810547,5.918544769287109,7.177661895751953
48.7819,12.835164835164836,-100.48351648351648,96.74725274725274,68.35164835164835,6.1098901098901095,5.507631055076311,12.601134300231934,-98.57142857142857,94.74725274725274,67.78044891357422,4.38472843170166,5.859201431274414
48.8801,12.659340659340659,-100.13186813186813,96.74725274725274,68.35164835164835,5.230769230769231,5.640345056403451,14.659340659340659,-98.13186813186813,94.74725274725274,68.83678436279297,5.162474632263184,6.794243812561035
48.9804,13.89010989010989,-99.86813186813187,96.74725274725274,68.79120879120879,5.4945054945054945,6.03848706038487,15.802197802197803,-97.86813186813187,94.74725274725274,68.8126449584961,7.4945054945054945,8.164752960205078
49.0807,15.12087912087912,-99.51648351648352,96.74725274725274,68.87912087912088,6.9010989010989015,7.232913072329131,17.032967032967033,-97.51648351648352,94.74725274725274,69.25196838378906,8.901098901098901,10.484991073608398
49.1788,16.263736263736263,-98.9010989010989,96.74725274725274,68.87912087912088,8.219780219780219,9.48905109489051,17.912087912087912,-97.16483516483517,94.74725274725274,68.94170379638672,9.780219780219781,13.22826808228268
50.4976,17.23076923076923,-98.81318681318682,96.74725274725274,68.87912087912088,9.274725274725276,12.67418712674187,15.504133224487305,-100.81318681318682,94.74725274725274,68.04474639892578,8.021512985229492,7.67418712674187
50.5702,16.967032967032967,-98.98901098901099,96.74725274725274,68.7032967032967,8.835164835164836,12.342402123424021,15.010536193847656,-100.98901098901099,94.74725274725274,68.38521575927734,8.082645416259766,7.408759124087592
50.6711,15.648351648351648,-99.78021978021978,96.74725274725274,68.7032967032967,8.483516483516484,8.626410086264102,14.966998100280762,-101.78021978021978,94.74725274725274,68.03032684326172,8.48361587524414,3.759124087591241
50.7876,15.56043956043956,-100.57142857142857,96.74725274725274,68.7032967032967,8.395604395604396,5.308560053085601,15.83454704284668,-102.57142857142857,94.74725274725274,68.05068969726562,7.829348087310791,3.3877716064453125
50.8876,15.296703296703297,-101.27472527472527,96.74725274725274,68.7032967032967,8.307692307692308,4.445919044459191,13.479385375976562,-103.27472527472527,94.74725274725274,66.93196105957031,6.989809036254883,4.620853424072266
50.9896,13.89010989010989,-101.89010989010988,96.74725274725274,67.91208791208791,7.6923076923076925,4.512276045122761,11.89010989010989,-99.89010989010988,94.74725274725274,65.91208791208791,6.724330425262451,9.036590576171875
51.0898,12.571428571428571,-101.27472527472527,96.74725274725274,66.94505494505495,6.989010989010989,6.967485069674851,11.136488914489746,-99.27472527472527,94.74725274725274,66.084228515625,4.989010989010989,8.61443042755127
51.1900,12.043956043956044,-100.83516483516483,96.74725274725274,66.76923076923077,5.670329670329671,7.962840079628402,14.043956043956044,-98.83516483516483,94.74725274725274,67.38880920410156,4.694847106933594,9.441244125366211
51.2905,13.098901098901099,-100.3956043956044,96.74725274725274,67.47252747252747,5.406593406593407,8.75912408759124,15.010989010989011,-98.3956043956044,94.74725274725274,68.57576751708984,7.406593406593407,10.859015464782715
51.3912,14.241758241758241,-99.86813186813187,96.74725274725274,68.61538461538461,6.813186813186813,9.9535500995355,16.24175824175824,-97.86813186813187,94.74725274725274,70.05402374267578,8.813186813186814,13.416772842407227
51.4916,15.384615384615385,-99.51648351648352,96.74725274725274,69.49450549450549,8.043956043956044,12.541473125414731,16.700529098510742,-97.6923076923077,94.74725274725274,69.66627502441406,8.980916023254395,16.34704711347047
52.8183,16.0,-99.34065934065934,96.74725274725274,69.49450549450549,8.659340659340659,15.79296615792966,15.348342895507812,-99.18408966064453,94.74725274725274,68.61527252197266,7.645345687866211,10.79296615792966
52.8915,15.912087912087912,-99.34065934065934,96.74725274725274,69.4065934065934,8.395604395604396,15.394824153948242,14.774706840515137,-98.90714263916016,94.74725274725274,68.938720703125,7.627039432525635,10.52753815527538
52.9918,15.208791208791208,-99.25274725274726,96.74725274725274,69.31868131868131,8.043956043956044,11.81154611811546,15.069743156433105,-97.38034057617188,94.74725274725274,68.39591217041016,8.111445426940918,6.877903118779031
53.0965,15.12087912087912,-99.07692307692308,96.74725274725274,69.23076923076923,7.868131868131868,8.22826808228268,15.250819206237793,-99.3825912475586,94.74725274725274,68.2896499633789,7.113125801086426,6.328366279602051
53.1922,14.945054945054945,-99.07692307692308,96.74725274725274,69.05494505494505,7.516483516483516,7.56469807564698,12.945054945054945,-97.07692307692308,94.74725274725274,67.17555236816406,6.417915344238281,9.845863342285156
53.2927,13.45054945054945,-98.28571428571429,96.83516483516483,68.08791208791209,6.9010989010989015,9.15726609157266,11.45054945054945,-96.28571428571429,94.83516483516483,66.17582417582418,5.663315296173096,13.134721755981445
53.3927,12.571428571428571,-97.67032967032966,96.83516483516483,67.2967032967033,6.1098901098901095,11.14797611147976,13.619829177856445,-95.75824175824175,94.83516483516483,66.86187744140625,4.740846157073975,11.14791488647461
53.4929,13.098901098901099,-97.14285714285714,96.83516483516483,67.12087912087912,5.406593406593407,11.214333112143331,15.098901098901099,-95.14285714285714,94.83516483516483,67.83750915527344,5.296514511108398,12.09677505493164
53.5939,14.32967032967033,-96.61538461538461,96.83516483516483,67.82417582417582,5.670329670329671,11.61247511612475,16.24175824175824,-94.61538461538461,94.83516483516483,68.57222747802734,7.582417582417582,12.361856460571289
53.6947,15.56043956043956,-96.17582417582418,96.83516483516483,68.35164835164835,6.989010989010989,11.877903118779031,17.560439560439562,-94.17582417582418,94.83516483516483,69.63001251220703,8.989010989010989,13.640861511230469
53.7928,16.791208791208792,-96.08791208791209,96.83516483516483,68.52747252747253,8.043956043956044,13.60318513603185,18.163166046142578,-94.08791208791209,94.83516483516483,69.32186889648438,9.692307692307693,17.47511612475116
55.1215,17.406593406593405,-96.08791208791209,96.74725274725274,68.52747252747253,9.098901098901099,16.921035169210352,16.20185089111328,-98.08791208791209,94.74725274725274,67.68331909179688,7.881897926330566,11.921035169210352
55.1931,17.23076923076923,-96.35164835164835,96.74725274725274,68.43956043956044,8.923076923076923,16.5892501658925,15.906087875366211,-98.35164835164835,94.74725274725274,68.10679626464844,7.944140434265137,11.65560716655607
55.2945,16.35164835164835,-96.96703296703296,96.74725274725274,68.52747252747253,8.395604395604396,12.873258128732582,15.724427223205566,-98.64095306396484,94.74725274725274,67.81369018554688,8.23244857788086,7.9396151293961506
55.3948,16.263736263736263,-97.58241758241758,96.74725274725274,68.35164835164835,8.307692307692308,9.223623092236231,16.391321182250977,-99.58241758241758,94.74725274725274,67.78998565673828,7.682590484619141,4.2899800928998015
55.4949,16.0,-98.28571428571429,96.74725274725274,68.35164835164835,8.043956043956044,6.23755806237558,14.70069694519043,-100.28571428571429,94.74725274725274,66.8054428100586,7.011620998382568,5.051304817199707
55.5958,15.032967032967033,-98.9010989010989,96.74725274725274,67.64835164835165,7.604395604395604,5.77305905773059,13.032967032967033,-96.9010989010989,94.74725274725274,65.73986053466797,6.7565717697143555,8.897346496582031
55.7013,13.626373626373626,-98.28571428571429,96.74725274725274,66.76923076923077,6.9010989010989015,7.2992700729927,12.134234428405762,-96.28571428571429,94.74725274725274,65.98789978027344,5.159060955047607,8.813754081726074
55.7963,13.186813186813186,-97.75824175824175,96.74725274725274,66.5934065934066,5.846153846153846,8.02919708029197,15.186813186813186,-95.75824175824175,94.74725274725274,67.2316665649414,4.497020721435547,9.177061080932617
55.8965,14.065934065934066,-97.31868131868131,96.74725274725274,67.2967032967033,5.318681318681318,8.626410086264102,16.065934065934066,-95.31868131868131,94.74725274725274,68.2480697631836,6.590697765350342,10.17048168182373
55.9973,15.296703296703297,-96.87912087912088,96.74725274725274,68.43956043956044,6.197802197802198,9.356337093563372,17.2967032967033,-94.87912087912088,94.74725274725274,70.32418823242188,8.197802197802197,10.326333999633789
56.0948,16.52747252747253,-96.61538461538461,96.74725274725274,68.96703296703296,7.076923076923077,10.152621101526211,18.087912087912088,-94.61538461538461,94.74725274725274,69.99172973632812,8.989010989010989,12.089872360229492
57.4175,17.406593406593405,-96.61538461538461,96.74725274725274,68.96703296703296,8.307692307692308,11.479761114797611,16.049007415771484,-98.61538461538461,94.74725274725274,68.13446807861328,6.664628982543945,6.479761114797611
57.4910,17.142857142857142,-96.87912087912088,96.74725274725274,68.87912087912088,8.131868131868131,11.14797611147976,15.67114543914795,-98.87912087912088,94.74725274725274,68.52882385253906,6.820161819458008,6.214333112143331
57.5912,16.175824175824175,-97.58241758241758,96.74725274725274,68.96703296703296,7.428571428571429,7.56469807564698,15.57867431640625,-99.58241758241758,94.74725274725274,68.25151824951172,7.120286464691162,3.593486785888672
57.6965,16.087912087912088,-98.28571428571429,96.74725274725274,68.87912087912088,7.34065934065934,5.04313205043132,16.251506805419922,-100.1978021978022,94.74725274725274,68.32123565673828,6.595117568969727,3.2997236251831055
57.7919,15.912087912087912,-98.9010989010989,96.74725274725274,68.87912087912088,6.989010989010989,4.313205043132051,14.36005973815918,-100.9010989010989,94.74725274725274,67.67530822753906,5.89794921875,3.7979955673217773
57.8918,14.68131868131868,-99.51648351648352,96.74725274725274,68.35164835164835,6.461538461538462,4.180491041804911,12.68131868131868,-97.51648351648352,94.74725274725274,66.78961944580078,5.429546356201172,6.636756896972656
57.9924,13.362637362637363,-98.98901098901099,96.74725274725274,67.82417582417582,5.670329670329671,5.242203052422031,11.598275184631348,-96.98901098901099,94.74725274725274,67.37312316894531,3.6703296703296706,6.14156436920166
58.0923,12.571428571428571,-98.46153846153847,96.74725274725274,67.82417582417582,4.43956043956044,5.57398805573988,14.571428571428571,-96.46153846153847,94.74725274725274,68.71697998046875,3.226806402206421,6.572761535644531
58.1927,13.802197802197803,-97.93406593406593,96.74725274725274,68.7032967032967,4.0,6.03848706038487,15.714285714285714,-95.93406593406593,94.74725274725274,69.30133056640625,6.0,7.332505226135254
58.2937,15.032967032967033,-97.4065934065934,96.74725274725274,69.23076923076923,5.318681318681318,6.5029860650298605,16.945054945054945,-95.4065934065934,94.74725274725274,70.3527603149414,7.318681318681318,7.941266059875488
58.3936,16.263736263736263,-97.31868131868131,96.74725274725274,69.31868131868131,6.285714285714286,7.76376907763769,17.824175824175825,-95.31868131868131,94.74725274725274,69.63473510742188,7.934065934065934,11.222129821777344
59.7045,17.054945054945055,-97.31868131868131,96.74725274725274,69.31868131868131,7.252747252747253,10.683477106834772,15.144048690795898,-99.31868131868131,94.74725274725274,68.74026489257812,5.848874092102051,5.683477106834772
59.7760,16.791208791208792,-97.58241758241758,96.74725274725274,69.31868131868131,7.164835164835165,10.484406104844062,14.87912087912088,-99.58241758241758,94.74725274725274,69.0528793334961,5.978488445281982,5.550763105507631
59.8800,15.56043956043956,-98.1978021978022,96.74725274725274,69.4065934065934,6.549450549450549,6.83477106834771,14.577704429626465,-100.1978021978022,94.74725274725274,68.92622375488281,6.244848728179932,3.1541194915771484
59.9781,15.208791208791208,-98.81318681318682,96.74725274725274,69.4065934065934,6.461538461538462,4.512276045122761,15.371672630310059,-100.81318681318682,94.74725274725274,68.966064453125,5.862771034240723,2.83612060546875
60.0803,15.032967032967033,-99.6043956043956,96.74725274725274,69.4065934065934,6.461538461538462,3.71599203715992,14.049110412597656,-101.6043956043956,94.74725274725274,68.37138366699219,5.24365234375,2.805490493774414
60.1808,14.241758241758241,-100.3076923076923,96.74725274725274,69.05494505494505,5.846153846153846,3.5169210351692106,12.241758241758241,-98.97797393798828,94.74725274725274,67.54745483398438,4.960320472717285,4.750356674194336
60.2865,12.747252747252746,-99.95604395604396,96.74725274725274,68.35164835164835,5.230769230769231,3.9150630391506307,10.835164835164836,-97.95604395604396,94.74725274725274,67.5888900756836,3.586303472518921,4.934134483337402
60.3864,12.043956043956044,-99.34065934065934,96.74725274725274,68.26373626373626,4.175824175824176,4.24684804246848,14.043956043956044,-97.34065934065934,94.74725274725274,68.5751953125,3.152092456817627,5.132185935974121
60.4870,13.010989010989011,-98.98901098901099,96.74725274725274,68.52747252747253,3.912087912087912,4.57863304578633,15.010989010989011,-96.98901098901099,94.74725274725274,68.86556243896484,5.824175824175825,5.737771034240723
60.5904,14.241758241758241,-98.46153846153847,96.74725274725274,69.05494505494505,5.318681318681318,5.175846051758461,16.24175824175824,-96.46153846153847,94.74725274725274,69.66584014892578,7.230769230769231,6.776817321777344
60.6865,15.472527472527473,-97.93406593406593,96.74725274725274,69.31868131868131,6.549450549450549,6.569343065693431,17.032967032967033,-96.10989010989012,94.74725274725274,68.99213409423828,8.10989010989011,10.706702057067021
62.0114,17.054945054945055,-96.0,94.72527472527473,69.31868131868131,7.604395604395604,9.9535500995355,15.054945054945055,-98.0,93.83687591552734,68.78019714355469,6.352173328399658,4.9535500995355
62.0851,16.87912087912088,-96.08791208791209,94.1978021978022,69.31868131868131,7.252747252747253,9.688122096881221,14.87912087912088,-98.08791208791209,92.36634826660156,69.13955688476562,6.429477691650391,4.754479097544792
62.1865,16.52747252747253,-96.08791208791209,93.67032967032966,69.31868131868131,6.813186813186813,6.104844061048441,14.52747252747253,-98.08791208791209,91.67032967032966,68.92044067382812,6.7759785652160645,3.116030693054199
62.3036,16.175824175824175,-96.17582417582418,93.49450549450549,69.31868131868131,6.813186813186813,4.180491041804911,15.261116981506348,-98.17582417582418,91.49450549450549,69.03231048583984,6.293455123901367,2.8568944931030273
62.3943,16.0,-96.26373626373626,93.49450549450549,69.31868131868131,6.725274725274725,3.64963503649635,14.0,-98.26373626373626,91.49450549450549,68.37027740478516,5.719825267791748,2.997385025024414
62.4945,15.032967032967033,-96.52747252747253,93.58241758241758,68.96703296703296,6.197802197802198,3.5832780358327807,13.032967032967033,-95.68984985351562,91.58241758241758,67.41277313232422,5.47683048248291,5.19914436340332
62.5948,13.978021978021978,-96.0,93.58241758241758,68.26373626373626,5.670329670329671,4.11413404114134,11.978021978021978,-94.0,91.58241758241758,67.467529296875,4.04585075378418,4.676992416381836
62.6948,13.098901098901099,-94.5934065934066,93.49450549450549,68.17582417582418,4.7032967032967035,4.24684804246848,15.098901098901099,-92.5934065934066,91.49450549450549,68.67037200927734,4.343291759490967,4.883811950683594
62.7978,14.153846153846153,-93.0989010989011,92.61538461538461,68.7032967032967,4.8791208791208796,4.37956204379562,16.153846153846153,-91.18681318681318,90.7032967032967,68.76403045654297,6.791208791208791,6.111719131469727
62.8998,15.472527472527473,-91.16483516483517,90.50549450549451,68.96703296703296,6.197802197802198,5.37491705374917,17.472527472527474,-89.25274725274726,88.5934065934066,69.41632843017578,8.197802197802197,8.01452350616455
63.0007,16.703296703296704,-89.67032967032966,89.18681318681318,69.23076923076923,7.604395604395604,7.631055076310552,18.263736263736263,-88.1978021978022,87.62637362637362,68.8975830078125,9.076923076923077,11.370272063702721
64.3316,17.934065934065934,-88.26373626373626,88.83516483516483,69.23076923076923,8.659340659340659,10.683477106834772,16.026132583618164,-90.26373626373626,90.50228881835938,68.04403686523438,7.316812992095947,5.683477106834772
64.4054,17.318681318681318,-88.7032967032967,89.18681318681318,68.96703296703296,8.219780219780219,10.351692103516921,15.406593406593405,-90.7032967032967,88.82730865478516,68.3511962890625,7.357137680053711,5.41804910418049
64.5071,16.087912087912088,-89.23076923076923,89.36263736263736,68.87912087912088,7.868131868131868,6.768414067684141,15.15385627746582,-91.23076923076923,88.1512680053711,67.90359497070312,7.793479919433594,3.291274070739746
64.6118,15.648351648351648,-89.84615384615384,89.36263736263736,68.87912087912088,7.6923076923076925,4.57863304578633,15.566051483154297,-91.84615384615384,87.36263736263736,67.86101531982422,6.856235504150391,3.083097457885742
64.7099,15.12087912087912,-90.54945054945055,89.36263736263736,68.61538461538461,7.076923076923077,4.11413404114134,13.12087912087912,-92.54945054945055,87.36263736263736,66.7032967032967,6.027955055236816,5.730524063110352
64.8182,13.626373626373626,-90.72527472527473,89.36263736263736,67.56043956043956,6.637362637362638,5.175846051758461,11.714285714285714,-88.72527472527473,87.36263736263736,65.64835164835165,5.175206661224365,9.066908836364746
64.9211,12.747252747252746,-90.10989010989012,89.45054945054945,66.85714285714286,5.670329670329671,7.033842070338421,14.280669212341309,-88.1978021978022,87.45054945054945,66.72344970703125,4.169190406799316,7.736300468444824
65.0186,13.362637362637363,-89.75824175824175,89.45054945054945,66.94505494505495,4.967032967032967,7.498341074983411,15.362637362637363,-87.75824175824175,87.45054945054945,68.05307006835938,5.787539958953857,9.818109512329102
65.1190,14.505494505494505,-89.31868131868131,89.45054945054945,67.73626373626374,5.670329670329671,9.090909090909092,16.505494505494504,-87.31868131868131,87.45054945054945,67.80740356445312,7.670329670329671,14.024552090245521
65.2193,15.824175824175825,-89.05494505494505,89.45054945054945,67.82417582417582,6.989010989010989,12.27604512276045,17.562618255615234,-87.05494505494505,87.45054945054945,68.54146575927734,8.989010989010989,17.209688122096882
65.3173,16.703296703296704,-88.61538461538461,89.45054945054945,68.0,8.219780219780219,15.79296615792966,17.538326263427734,-86.79120879120879,87.45054945054945,68.04240417480469,9.31178092956543,19.5985401459854
66.6389,16.87912087912088,-88.35164835164835,89.45054945054945,68.0,8.835164835164836,18.91174518911745,17.140933990478516,-90.35164835164835,87.88719177246094,66.11149597167969,7.675997257232666,14.497732162475586
66.7126,16.87912087912088,-88.52747252747253,89.45054945054945,67.47252747252747,8.483516483516484,18.712674187126744,16.16655731201172,-90.52747252747253,87.45054945054945,65.98660278320312,7.660894393920898,14.267936706542969
66.8130,16.439560439560438,-89.14285714285714,89.45054945054945,66.68131868131869,8.219780219780219,16.323822163238223,16.710651397705078,-87.14285714285714,87.45054945054945,65.19819641113281,8.216445922851562,15.486998558044434
66.9131,16.439560439560438,-88.79120879120879,89.45054945054945,66.06593406593407,8.043956043956044,15.660252156602523,16.400104522705078,-86.79120879120879,87.45054945054945,64.89314270019531,7.4478373527526855,17.23128890991211
67.0147,16.175824175824175,-88.17582417582418,89.45054945054945,65.71428571428571,7.956043956043956,16.39017916390179,14.29156494140625,-86.17582417582418,87.45054945054945,64.08917999267578,6.855983734130859,20.382732391357422
67.1172,15.12087912087912,-87.56043956043956,89.45054945054945,64.83516483516483,7.164835164835165,19.110816191108164,14.712437629699707,-85.64835164835165,87.45054945054945,63.124515533447266,5.985250949859619,22.127164840698242
67.2226,15.12087912087912,-87.03296703296704,89.45054945054945,64.13186813186813,6.461538461538462,20.437956204379564,16.538198471069336,-85.03296703296704,87.45054945054945,63.8889274597168,5.627255439758301,20.405757904052734
67.3202,15.56043956043956,-86.41758241758242,89.45054945054945,64.13186813186813,6.1098901098901095,20.504313205043132,17.547285079956055,-84.41758241758242,87.45054945054945,64.68190002441406,6.063036918640137,21.420780181884766
67.4203,16.615384615384617,-85.71428571428571,89.45054945054945,64.65934065934066,6.197802197802198,20.83609820836098,18.067358016967773,-83.71428571428571,87.45054945054945,65.98365020751953,8.10989010989011,22.90058135986328
67.5219,17.054945054945055,-85.0989010989011,89.45054945054945,65.97802197802197,7.604395604395604,22.229595222295952,17.095417022705078,-83.0989010989011,87.45054945054945,67.30825805664062,9.330955505371094,27.16323822163238
67.6200,17.054945054945055,-84.3956043956044,89.45054945054945,66.76923076923077,8.571428571428571,25.746516257465164,16.793676376342773,-82.65934065934066,87.45054945054945,67.10521697998047,9.078696250915527,29.5520902455209
68.9462,17.054945054945055,-84.13186813186813,89.45054945054945,66.76923076923077,8.659340659340659,28.931652289316524,17.776596069335938,-82.13186813186813,87.45054945054945,64.76923076923077,7.807525634765625,27.09280776977539
69.0170,17.054945054945055,-83.86813186813187,89.45054945054945,66.24175824175825,8.395604395604396,28.865295288652952,17.123552322387695,-81.86813186813187,87.45054945054945,64.32967032967034,7.738002777099609,26.71659278869629
69.1171,17.054945054945055,-83.25274725274726,89.45054945054945,65.18681318681318,8.395604395604396,28.135368281353685,18.0955753326416,-81.25274725274726,87.45054945054945,63.44514083862305,7.883411407470703,28.38243865966797
